<?xml version="1.0"?>
<data grt_format="2.0">
  <value _ptr_="00000168F8D11FB0" type="list" content-type="object" content-struct-name="db.mgmt.Connection">
    <value type="object" struct-name="db.mgmt.Connection" id="{BCA870CA-6371-4BAD-B080-4678053BF9E8}" struct-checksum="0x96ba47d8">
      <link type="object" struct-name="db.mgmt.Driver" key="driver">com.mysql.rdbms.mysql.driver.native</link>
      <value type="string" key="hostIdentifier">Mysql@localhost:3306</value>
      <value type="int" key="isDefault">1</value>
      <value _ptr_="00000168F8EBD8B0" type="dict" key="modules"/>
      <value _ptr_="00000168F8EBD7F0" type="dict" key="parameterValues">
        <value type="string" key="DbSqlEditor:LastDefaultSchema">mydb</value>
        <value type="string" key="SQL_MODE"></value>
        <value type="string" key="hostName">localhost</value>
        <value type="int" key="lastConnected">1565747225</value>
        <value type="string" key="password"></value>
        <value type="int" key="port">3306</value>
        <value type="string" key="serverVersion">8.0.17</value>
        <value type="string" key="sslCA"></value>
        <value type="string" key="sslCert"></value>
        <value type="string" key="sslCipher"></value>
        <value type="string" key="sslKey"></value>
        <value type="int" key="useSSL">1</value>
        <value type="string" key="userName">root</value>
      </value>
      <value type="string" key="name">Local instance MySQL</value>
      <link type="object" struct-name="GrtObject" key="owner">{F0E9EC70-EE6C-409A-89D5-42BDC0356A54}</link>
    </value>
  </value>
</data>
