<?xml version="1.0"?>
<data grt_format="2.0">
  <value _ptr_="00000168F8D11D10" type="list" content-type="object" content-struct-name="db.mgmt.ServerInstance">
    <value type="object" struct-name="db.mgmt.ServerInstance" id="{FF25F1C5-87F5-4052-A283-4CD12DA15F04}" struct-checksum="0x367436e2">
      <link type="object" struct-name="db.mgmt.Connection" key="connection">{BCA870CA-6371-4BAD-B080-4678053BF9E8}</link>
      <value _ptr_="00000168F8EBDA90" type="dict" key="loginInfo">
        <value type="string" key="wmi.hostName"></value>
        <value type="string" key="wmi.userName"></value>
      </value>
      <value _ptr_="00000168F8EBDAF0" type="dict" key="serverInfo">
        <value type="string" key="basedir">C:\Program Files\MySQL\MySQL Server 8.0\</value>
        <value type="string" key="datadir">C:\ProgramData\MySQL\MySQL Server 8.0\Data\</value>
        <value type="string" key="errorLogFilePath">ACER-DUTEI94.err</value>
        <value type="string" key="generalLogFilePath">ACER-DUTEI94.log</value>
        <value type="string" key="serverVersion">8.0.17</value>
        <value type="int" key="setupPending">1</value>
        <value type="int" key="slowLogEnabled">1</value>
        <value type="string" key="slowLogFilePath">ACER-DUTEI94-slow.log</value>
        <value type="string" key="sys.config.path">C:\ProgramData\MySQL\MySQL Server 8.0\my.ini</value>
        <value type="int" key="sys.config.path.lock">1</value>
        <value type="string" key="sys.config.section">mysqld</value>
        <value type="string" key="sys.mysqld.service_name">MySQL</value>
        <value type="string" key="sys.preset">Custom</value>
        <value type="string" key="sys.system">Windows</value>
        <value type="int" key="sys.usesudo">0</value>
        <value type="int" key="sys.usesudostatus">0</value>
        <value type="int" key="windowsAdmin">1</value>
      </value>
      <value type="string" key="name">Local MySQL</value>
    </value>
  </value>
</data>
